{
  "Ciencia": [
    null,
    {
      "answer": "En la mano",
      "getUserSelectedAnswer": "",
      "option1": "En la mano",
      "option2": "En la espalda",
      "option3": "En el pie",
      "option4": "En el brazo",
      "question": "¿Cuál es la parte del cuerpo humano donde hay más huesos?"
    },
    {
      "answer": "Proceso de digestión",
      "getUserSelectedAnswer": "",
      "option1": "Proceso de deglución",
      "option2": "Proceso de digestión",
      "option3": "Proceso de expulsión",
      "option4": "Proceso de salivación",
      "question": "¿Cómo se llama el proceso desde el que los alimentos entran en la boca hasta que salen expulsados por el ano?"
    },
    {
      "answer": "Cabeza, tronco y extremidades",
      "getUserSelectedAnswer": "",
      "option1": "Cabeza, piernas y brazos",
      "option2": "Cuerpo, piernas y brazos",
      "option3": "Cabeza, tronco y extremidades",
      "option4": "Ninguna de las anteriores",
      "question": "¿Qué tres partes se distinguen en el cuerpo humano?"
    },
    {
      "answer": "Para relacionarnos con el mundo que nos rodea",
      "getUserSelectedAnswer": "",
      "option1": "Para sobrevivir",
      "option2": "Para relacionarnos con el mundo que nos rodea",
      "option3": "Para mejorar el rendimiento del cuerpo humano",
      "option4": "Para comer correctamente",
      "question": "¿Para qué sirven los sentidos?"
    },
    {
      "answer": "El guepardo",
      "getUserSelectedAnswer": "",
      "option1": "El guepardo",
      "option2": "La pantera",
      "option3": "El gamo",
      "option4": "El conejo",
      "question": "¿Cuál es el animal más veloz del mundo?"
    },
    {
      "answer": "Las branquias",
      "getUserSelectedAnswer": "",
      "option1": "Los pulmones",
      "option2": "La cabeza",
      "option3": "La boca",
      "option4": "Las branquias",
      "question": "¿Qué utilizan los peces para respirar?"
    },
    {
      "answer": "Fotosíntesis",
      "getUserSelectedAnswer": "",
      "option1": "Fotosíntesis",
      "option2": "Relación",
      "option3": "Nutrición",
      "option4": "Alimentación",
      "question": "¿Cómo se llama el proceso por el cual las plantas elaboran su alimento?"
    },
    {
      "answer": "Para absorber agua de la tierra",
      "getUserSelectedAnswer": "",
      "option1": "Para absorber agua de la tierra",
      "option2": "Para poder reproducirse",
      "option3": "Para hacer la fotosíntesis",
      "option4": "Para limpiar las hojas",
      "question": "¿Para qué sirve la raíz de las plantas?"
    },
    {
      "answer": "Para que el sudor no llegue a los ojos",
      "getUserSelectedAnswer": "",
      "option1": "Para que el rostro quede más bonito",
      "option2": "Para que el sudor no llegue a los ojos",
      "option3": "Para atrapar polvo y evitar que entren en los ojos",
      "option4": "Para nada",
      "question": "¿Para qué sirven las cejas?"
    },
    {
      "answer": "Nacer, crecer y morir",
      "getUserSelectedAnswer": "",
      "option1": "Nutrición y reproducción",
      "option2": "Nacer, crecer y morir",
      "option3": "Reproducción, relación y nutrición",
      "option4": "Trabjar y domir",
      "question": "¿Cuáles son las funciones vitales de los seres humanos? "
    }
  ],
  "Computación": [
    null,
    {
      "answer": "Mesa",
      "getUserSelectedAnswer": "",
      "option1": "Teclado",
      "option2": "CPU",
      "option3": "Monitor",
      "option4": "Mesa",
      "question": "No es una parte de la computadora"
    },
    {
      "answer": "Software",
      "getUserSelectedAnswer": "",
      "option1": "Software",
      "option2": "Hardware",
      "option3": "CPU",
      "option4": "Memoria",
      "question": "Los programas que tiene el computador en su interior se llaman"
    },
    {
      "answer": "El mouse",
      "getUserSelectedAnswer": "",
      "option1": "El teclado",
      "option2": "El mouse",
      "option3": "La CPU",
      "option4": "Los parlantes",
      "question": "Para mover la flechita en el monitor del computador usamos:"
    },
    {
      "answer": "Cortar",
      "getUserSelectedAnswer": "",
      "option1": "Pegar",
      "option2": "Editar",
      "option3": "Pegar texto",
      "option4": "Cortar",
      "question": "La herramienta que te permite eliminar un texto:"
    },
    {
      "answer": "Word",
      "getUserSelectedAnswer": "",
      "option1": "Word",
      "option2": "Excel",
      "option3": "PowerPoint",
      "option4": "Publisher",
      "question": "¿Qué programa de ofimática utilizamos para escribir textos extensos?"
    },
    {
      "answer": "Unidad Central de Procesamiento",
      "getUserSelectedAnswer": "",
      "option1": "Consejo de Poetas Unidos",
      "option2": "Unidad Central de Procesamiento",
      "option3": "Unidad Central Personal",
      "option4": "Central Para Unir",
      "question": "¿Que significan las siglas CPU?"
    },
    {
      "answer": "Windows, Mac OS, Linux",
      "getUserSelectedAnswer": "",
      "option1": "Word, Excel, Paint",
      "option2": "Windows, Mac OS, Linux",
      "option3": "Internet, Servidor, Conexión",
      "option4": "Impresoras, parlantes, telcados",
      "question": "¿Cuál de las siguientes opciones corresponden a sistemas operativos?"
    },
    {
      "answer": "Es la parte física de la computadora",
      "getUserSelectedAnswer": "",
      "option1": "Es la parte física de la computadora",
      "option2": "Son los programas",
      "option3": "Es el gabinete",
      "option4": "Es Windows",
      "question": "¿Qué es Hardware?"
    },
    {
      "answer": "Portátiles",
      "getUserSelectedAnswer": "",
      "option1": "Módulo",
      "option2": "RAM",
      "option3": "Portátiles",
      "option4": "CPU",
      "question": "¿Cómo se llama una computadora portátil?"
    },
    {
      "answer": "Conjunto de instrucciones que hacen funcionar al computador",
      "getUserSelectedAnswer": "",
      "option1": "Conjunto de archivos",
      "option2": "Conforma el audio y video del computador",
      "option3": "Conjunto de instrucciones que hacen funcionar al computador",
      "option4": "Un ordenador",
      "question": "Un Sistema operativo es:"
    }
  ],
  "Comunicación": [
    null,
    {
      "answer": "Vargas Llosa",
      "getUserSelectedAnswer": "",
      "option1": "La ciudad",
      "option2": "Vargas Llosa",
      "option3": "Lee",
      "option4": "Los perros",
      "question": "En “Julián lee La ciudad y los perros de Vargas llosa”, el emisor es:"
    },
    {
      "answer": "Él",
      "getUserSelectedAnswer": "",
      "option1": "Ella",
      "option2": "Ellos",
      "option3": "Él",
      "option4": "Eso",
      "question": "¿Qué pronombre reemplaza a los nombres: Juan, Pedro, Carlos?"
    },
    {
      "answer": "Demostrativos",
      "getUserSelectedAnswer": "",
      "option1": "Posesivos",
      "option2": "Numerales",
      "option3": "Demostrativos",
      "option4": "Calificativos",
      "question": "Los adjetivos determinativos __________ acompañan al sustantivo para expresar su ubicación o distancia"
    },
    {
      "answer": "Dormir",
      "getUserSelectedAnswer": "",
      "option1": "Gato",
      "option2": "Mesa",
      "option3": "Dormir",
      "option4": "Doctor",
      "question": "¿Cúal de las siguientes palabras es un verbo?"
    },
    {
      "answer": "a,o",
      "getUserSelectedAnswer": "",
      "option1": "e,o",
      "option2": "i,o",
      "option3": "a,o",
      "option4": "e,o",
      "question": "¿Cuáles son las vocales que se encuentran en la palabra: Gato?"
    },
    {
      "answer": "Diminutivos",
      "getUserSelectedAnswer": "",
      "option1": "Aumentativos",
      "option2": "Diminutivos",
      "option3": "Posesivos",
      "option4": "Demostrativos",
      "question": "Las palabras que expresan el nombre de las cosas en tamaño pequeño se llaman:"
    },
    {
      "answer": "Feliz",
      "getUserSelectedAnswer": "",
      "option1": "Inteligente",
      "option2": "Triste",
      "option3": "Feliz",
      "option4": "Responsable",
      "question": "¿Cuál es el sinónimo de la palabra “Alegre”?"
    },
    {
      "answer": "4 sílabas",
      "getUserSelectedAnswer": "",
      "option1": "4 sílabas",
      "option2": "3 sílabas",
      "option3": "5 sílabas",
      "option4": "7 sílabas",
      "question": "¿Cuántas sílabas tiene la palabra: Papelera?"
    },
    {
      "answer": "Triptongo",
      "getUserSelectedAnswer": "",
      "option1": "Diptongo",
      "option2": "Triptongo",
      "option3": "Hiato",
      "option4": "Ninguno",
      "question": "Es la unión de tres vocales en una misma silaba:"
    },
    {
      "answer": "Dialogo",
      "getUserSelectedAnswer": "",
      "option1": "Canal",
      "option2": "Emisor",
      "option3": "Receptor",
      "option4": "Dialogo",
      "question": "¿Cuál de las alternativas no es un elemento de la comunicación?"
    }
  ],
  "CursosPrincipales": {
    "CienciaCourse": {
      "cienc0": {
        "descripciencia": "La región del cuerpo humano con la mayor cantidad de huesos es la mano. La mano humana consta de 27 huesos en total. Estos se dividen en ocho huesos del carpo (muñeca), cinco huesos metacarpianos (la parte central de la mano) y 14 huesos falanges (los dedos), con tres falanges en cada dedo, excepto en el pulgar, que tiene dos. En comparación con otras partes del cuerpo, la mano es especialmente rica en huesos debido a su compleja estructura y su capacidad para realizar una variedad de movimientos finos y precisos.",
        "titulociencia": "Lección 1 - Partes del Cuerpo con más Huesos"
      },
      "cienc1": {
        "descripciencia": "El sistema digestivo es como un equipo mágico dentro de nuestro cuerpo que trabaja para convertir la comida en energía y nutrientes. Comienza en la boca, donde los dientes mastican la comida y la saliva la descompone. Luego, la comida viaja a través del esófago al estómago, donde se mezcla con jugos gástricos para descomponerla aún más. En el intestino delgado, los nutrientes se absorben en la sangre, proporcionando energía y ayudando al crecimiento. En el intestino grueso, se absorbe agua y se forman las heces, que luego son eliminadas a través del ano. Es un proceso asombroso que asegura que obtengamos lo mejor de los alimentos para mantenernos fuertes y saludables.",
        "titulociencia": "Lección 2 - El Sistema Digestivo"
      },
      "cienc2": {
        "descripciencia": "El cuerpo humano se compone de tres partes fundamentales: la cabeza, que alberga el cerebro y las características faciales como los ojos, la nariz y la boca; el tronco, que incluye el torso con los órganos vitales como el corazón y los pulmones; y las extremidades, que consisten en los brazos y las manos en la parte superior y las piernas y los pies en la parte inferior. Estas tres secciones trabajan armoniosamente para permitir el movimiento, la función de los órganos y la coordinación de las diversas actividades necesarias para mantener el cuerpo sano y en funcionamiento. Cada parte cumple un papel vital en la integridad y funcionalidad general del organismo humano.",
        "titulociencia": "Lección 3 - El Cuerpo Humano"
      },
      "cienc3": {
        "descripciencia": "Los sentidos son como los superpoderes de nuestro cuerpo que nos ayudan a descubrir el mundo. Con nuestros ojos, vemos colores y formas; con nuestros oídos, escuchamos sonidos mágicos; la nariz nos permite oler flores y deliciosas comidas; con la lengua, probamos sabores como el dulce y el salado; y nuestra piel nos hace sentir el calor, el frío y la suavidad. Estos superpoderes especiales nos ayudan a explorar y disfrutar todo a nuestro alrededor. ",
        "titulociencia": "Lección 4 - Los Sentidos"
      },
      "cienc4": {
        "descripciencia": "El animal más veloz del mundo es el guepardo. Puede alcanzar velocidades de hasta 112 kilómetros por hora en carreras cortas. Su anatomía, con patas largas y musculosas, le permite ser un depredador muy ágil y eficiente al perseguir a sus presas. Este felino es conocido por su increíble velocidad y habilidades de caza.",
        "titulociencia": "Lección 5 - ¿El animal más rápido del mundo?"
      },
      "cienc5": {
        "descripciencia": "Los peces utilizan branquias para respirar. Las branquias son órganos especializados que se encuentran en las paredes laterales de la cabeza del pez. Estas estructuras están formadas por filamentos delgados que contienen numerosos capilares sanguíneos. ",
        "titulociencia": "Lección 6 - ¿Respiran los peces?"
      },
      "cienc6": {
        "descripciencia": "La fotosíntesis es el proceso mediante el cual las plantas, utilizando la clorofila presente en sus células, convierten la luz solar en energía química. Esta energía se utiliza para combinar dióxido de carbono del aire y agua del suelo, produciendo glucosa y liberando oxígeno como subproducto. La glucosa sirve como fuente de alimento para las plantas, y el oxígeno es liberado al entorno. La fotosíntesis es esencial para el crecimiento y desarrollo de las plantas, y tiene un impacto significativo en el equilibrio de oxígeno y dióxido de carbono en la atmósfera.",
        "titulociencia": "Lección 7 - ¿Qué es la fotosíntesis?"
      },
      "cienc7": {
        "descripciencia": "Las raíces de las plantas son como sus pies mágicos que hacen muchas cosas importantes. Primero, ayudan a la planta a beber agua como si estuvieran usando una pajita gigante. Después, las raíces buscan en el suelo trocitos especiales de comida llamados nutrientes. También son como pegamento que mantiene la planta en el suelo, ¡evitando que se caiga! Y, a veces, las raíces guardan secretamente comida extra para más tarde. En resumen, las raíces son como las superheroínas de las plantas, ¡haciendo muchas cosas geniales para que puedan crecer fuertes y saludables! ",
        "titulociencia": "Lección 8 - Las raíz de la Planta"
      },
      "cienc8": {
        "descripciencia": "Las cejas son como guardianes protectores sobre nuestros ojos. Actúan como una barrera que evita que el sudor o el agua de lluvia caigan directamente en nuestros ojos, protegiéndolos de irritaciones. Además, las cejas hacen de sombrilla, ofreciendo sombra sobre los ojos y reduciendo el deslumbramiento del sol para mejorar la visión. No solo cumplen una función práctica, sino que también son expresivas, permitiéndonos comunicar emociones a través de movimientos sutiles. Entonces, las cejas no solo son útiles, ¡sino que también añaden un toque especial a nuestras expresiones faciales!",
        "titulociencia": "Lección 9 - Las Cejas"
      },
      "cienc9": {
        "descripciencia": "Imagina que nuestra vida es como un emocionante cuento dividido en varias partes. Primero, está el capítulo de \"nacer\", donde comenzamos nuestra aventura en el mundo. Luego, viene el capítulo de \"crecer\", donde crecemos, aprendemos y nos convertimos en personas más grandes y fuertes. Y al final, está el capítulo de \"morir\", que es como el cierre de nuestro cuento. Entre medio de estos capítulos emocionantes, hay cosas importantes que hacemos todos los días, como respirar, comer y cuidarnos. Todo junto, estas partes forman nuestra increíble historia de vida. ",
        "titulociencia": "Lección 10 - Funciones vitales de los seres humanos"
      }
    },
    "ComputoCourse": {
      "comp0": {
        "descripcomputo": "Una computadora es como un mago que hace cosas increíbles. Tiene muchas partes mágicas que trabajan juntas. El cerebro de la computadora se llama \"CPU\", es como su mago principal que piensa y hace todo posible. Luego, está la \"pantalla\" que muestra imágenes mágicas y colores. El \"teclado\" es como una varita mágica que usamos para darle órdenes a la computadora. También está el \"ratón\", que es como una mascota pequeñita que nos ayuda a hacer clic en cosas. ¡Y no olvidemos el \"disco duro\", que es como la memoria mágica que guarda todas las cosas importantes! Todas estas partes trabajan juntas para hacer que la computadora sea nuestra amiga mágica que nos ayuda a aprender y jugar.",
        "titulocomputo": "Lección 1 - Partes de la computadora."
      },
      "comp1": {
        "descripcomputo": "Imagina que una computadora es como una casa mágica. El \"hardware\" son las cosas reales en la casa, como las paredes, las puertas y las ventanas. Son las partes que puedes tocar, como la pantalla, el teclado y la \"CPU\" que es como el cerebro de la computadora. Ahora, el \"software\" es como la magia que sucede dentro de la casa. Son los programas y juegos que hacen que la computadora haga cosas divertidas. Así que, mientras el \"hardware\" es la casa en sí, el \"software\" es la magia que la hace especial. ¡Juntos, hacen que la computadora sea un lugar asombroso donde podemos aprender y jugar!",
        "titulocomputo": "Lección 2 - Software vs Hardware"
      },
      "comp2": {
        "descripcomputo": " El mouse de la computadora es como una mascota pequeñita y amigable que nos ayuda a decirle a la computadora qué hacer. Es un aparato que movemos con las manos y tiene botones para hacer cosas mágicas en la pantalla. Cuando movemos el mouse, una flechita en la pantalla llamada \"cursor\" se mueve también. Si queremos hacer clic en algo, apretamos uno de los botones del mouse como si estuviéramos tocando algo mágico en la pantalla. ",
        "titulocomputo": "Lección 3 - El Mouse"
      },
      "comp3": {
        "descripcomputo": "Los comandos de teclas son combinaciones específicas de teclas que realizan funciones particulares en un programa o sistema operativo. 1. (Ctrl + C) -  Copiar (selecciona texto o elementos y los copia). 2. (Ctrl + X): Cortar (selecciona texto o elementos y los corta, eliminándolos del lugar original). 3. (Ctrl + V): Pegar (inserta el texto o elementos copiados o cortados en un nuevo lugar).",
        "titulocomputo": "Lección 4 - Combinación de teclas"
      },
      "comp4": {
        "descripcomputo": "Microsoft Word es una aplicación de procesamiento de texto desarrollada por Microsoft. Es una herramienta poderosa que permite a los usuarios crear y editar documentos de texto en la computadora. Word ofrece una variedad de funciones, como formato de texto, inserción de imágenes, creación de tablas y herramientas de corrección gramatical. Es ampliamente utilizado para la redacción de documentos, informes, cartas y otros trabajos escritos, proporcionando una interfaz intuitiva y funcionalidades avanzadas para el procesamiento de texto.",
        "titulocomputo": "Lección 5 - Microsoft Word"
      },
      "comp5": {
        "descripcomputo": "Las siglas \"CPU\" significan \"Unidad Central de Procesamiento\" en inglés, que se traduce como \"Central Processing Unit\" (CPU). La CPU es como el cerebro de una computadora. Es el componente principal que realiza la mayoría de las operaciones de procesamiento y ejecuta las instrucciones de los programas. La CPU interpreta y ejecuta instrucciones del software, realiza cálculos, administra el flujo de datos y coordina todas las operaciones en una computadora. ",
        "titulocomputo": "Lección 6 - El CPU"
      },
      "comp6": {
        "descripcomputo": "Un sistema operativo es como el director de una orquesta para una computadora. Es un programa especial que ayuda a coordinar y organizar todas las partes de la computadora. Cuando enciendes la computadora, el sistema operativo se encarga de que todo funcione correctamente. Permite que puedas usar programas, jugar juegos y realizar otras actividades en la computadora. Esencialmente, actúa como un administrador que asegura que todo en la computadora trabaje en armonía para que puedas hacer lo que desees. Existen distintos sistemas operativos como: Windows, Mac OS, Linux, Android, iOs.",
        "titulocomputo": "Lección 7 - Sistemas Operativos"
      },
      "comp7": {
        "descripcomputo": "Imagina que el hardware es como el esqueleto y los órganos internos de una computadora. Son todas las partes físicas que puedes ver y tocar. Por ejemplo, la pantalla, el teclado, el ratón, la \"CPU\" (cerebro de la computadora) y las demás piezas que hacen que la computadora funcione. Así como nuestro cuerpo necesita huesos y órganos para funcionar, la computadora necesita hardware. Cada parte tiene un trabajo importante: la pantalla nos muestra cosas, el teclado y el ratón nos ayudan a darle órdenes, y la CPU realiza todas las operaciones. En resumen, el hardware es todo lo físico que forma parte de la computadora, haciendo que sea una máquina increíblemente útil.",
        "titulocomputo": "Lección 8 - ¿Qué es hardware?"
      },
      "comp8": {
        "descripcomputo": "Las computadoras portátiles son como computadoras normales, pero más pequeñas y fáciles de llevar. Tienen una pantalla, teclado y ratón, y las puedes usar en cualquier lugar. Son prácticas para hacer tareas, jugar o ver cosas en línea, ya que puedes llevarlas contigo a la escuela, a casa de amigos o a donde quieras. ",
        "titulocomputo": "Lección 9 - Computadoras Portátiles"
      }
    },
    "ComunicacionCourse": {
      "comuu0": {
        "descripcomu": "La novela \"La Ciudad y los Perros\" de Mario Vargas Llosa se desarrolla en el Colegio Militar Leoncio Prado, una institución castrense en Lima. La historia sigue a un grupo de jóvenes cadetes que experimentan la dura vida militar, marcada por la brutalidad, la corrupción y la jerarquía rígida. El relato se centra en la vida interna de estos jóvenes y los conflictos que surgen entre ellos, explorando temas como la identidad, la violencia y la búsqueda de libertad en un entorno opresivo. La trama toma giros inesperados, revelando secretos oscuros y confrontando a los personajes con las consecuencias de sus acciones.",
        "titulocomu": "Lección 1 - La Cuidad y los Perros"
      },
      "comuu1": {
        "descripcomu": "Los pronombres son palabras especiales que usamos en lugar de repetir nombres todo el tiempo. Por ejemplo, en lugar de decir \"Ana tiene un libro. Ana lee el libro\", podemos decir \"Ana tiene un libro. Ella lee el libro\". \"Ella\" es un pronombre que reemplaza el nombre \"Ana\". Hay pronombres para todas las personas, como \"yo\", \"tú\", \"él\", \"ella\" y \"nosotros\". ¡Así que la próxima vez que hables, intenta usar pronombres para que tu oración sea más corta y suene genial!",
        "titulocomu": "Lección 2 - ¡Vamos a aprender sobre pronombres!"
      },
      "comuu2": {
        "descripcomu": "Los adjetivos son palabras que acompañan a los sustantivos y proporcionan información adicional sobre ellos. Existen varios tipos de adjetivos, cada uno desempeñando una función específica. Los adjetivos calificativos describen características, como \"hermoso\" o \"inteligente\", mientras que los posesivos indican posesión, como \"mi\" o \"tu\". Los demostrativos señalan o demuestran, como \"este\" o \"ese\", y los indefinidos se refieren a cantidades no específicas, como \"algunos\" o \"muchos\". Los numerales expresan cantidad o posición, como \"uno\" o \"primero\", y los interrogativos se utilizan para hacer preguntas, como \"cuál\" o \"qué\". Además, los exclamativos expresan sorpresa o énfasis, como en \"¡qué hermoso!\". Cada tipo de adjetivo cumple un papel único en la descripción y especificación de los sustantivos en el lenguaje.",
        "titulocomu": "Lección 3 - Los adjetivos"
      },
      "comuu3": {
        "descripcomu": "Los verbos son palabras que indican acciones o estados. Para los niños, son las palabras que describen lo que hacen o lo que les está sucediendo a las cosas a su alrededor. Por ejemplo, \"correr\" describe el movimiento de alguien rápidamente, \"jugar\" muestra la acción de divertirse con juguetes, y \"comer\" se refiere a la acción de consumir alimentos. Estos verbos son como las herramientas que utilizamos para construir oraciones y contar historias sobre lo que está sucediendo. Entender los verbos es esencial para comunicarse y expresar lo que hacen, sienten o ven.",
        "titulocomu": "Lección 4 - Los verbos "
      },
      "comuu4": {
        "descripcomu": "Las vocales son sonidos que hacemos con la boca cuando hablamos. En español, tenemos cinco vocales: A, E, I, O, U. Son como las letras especiales que hacen sonidos más abiertos y suaves. Cuando decimos palabras, las vocales nos ayudan a formar los sonidos y las sílabas. Puedes pensar en las vocales como las letras que \"cantan\" en las palabras. Por ejemplo, en la palabra \"gato\", las vocales son la \"a\" y la \"o\". Si las quitamos, solo nos quedaría \"gt\", y no tendría mucho sentido.",
        "titulocomu": "Lección 5 - Las vocales"
      },
      "comuu5": {
        "descripcomu": "Los adjetivos aumentativos y diminutivos son maneras especiales de describir cosas y hacerlas más grandes o más pequeñas. Aumentativos: Son como una lupa que hace que algo se vea más grande o más fuerte. Por ejemplo, si tienes un gato grande, puedes decir que es un \"gatón\". Aquí, el sufijo \"-ón\" hace que la palabra indique que el gato es más grande de lo normal.  Diminutivos: Son como una versión pequeñita o tierna de algo. Por ejemplo, si tienes un perro y es muy pequeño, puedes decir que es un \"perrito\". El sufijo \"-ito\" o \"-illo\" hace que la palabra indique que el perro es más pequeño y tal vez más lindo.",
        "titulocomu": "Lección 6 - Aumentativos y Diminutivos"
      },
      "comuu6": {
        "descripcomu": "Los sinónimos son palabras que significan lo mismo o casi lo mismo. Imagina que las palabras son como amigas que comparten secretos, y los sinónimos son amigas que comparten significados.  Por ejemplo, si tienes la palabra \"feliz\", un sinónimo podría ser \"alegre\". Ambas palabras quieren decir que alguien se siente contento y contento. Otra pareja de sinónimos podría ser \"correr\" y \"saltar\". Ambas palabras nos dicen que alguien se está moviendo rápidamente. Así que, los sinónimos son como hermanas gemelas de las palabras.",
        "titulocomu": "Lección 7 - Los sinonimos"
      },
      "comuu7": {
        "descripcomu": "Las sílabas son como pedacitos de palabras. Cuando hablamos o escribimos, las palabras se dividen en partes más pequeñas llamadas sílabas. Cada sílaba tiene un sonido o una combinación de sonidos. Por ejemplo, la palabra \"papelera\" tiene cuatro sílabas: \"pa\", \"pe\", \"le\"  y \"ra\". Puedes notar cómo al decir la palabra, tu boca hace dos movimientos diferentes. Eso es porque estás pronunciando dos sílabas. Las sílabas son como bloques de construcción para las palabras. Si puedes entender cómo dividir las palabras en sílabas.",
        "titulocomu": "Lección 8 - Las sílabas"
      },
      "comuu8": {
        "descripcomu": "(Hiato) Imagina que dos amigas vocales no quieren estar demasiado cerca, así que deciden separarse. En las palabras con hiato, dos vocales fuertes (a, e, o) o una vocal fuerte seguida de una vocal débil (í, ú) están juntas, pero en sílabas diferentes. Por ejemplo, en la palabra \"país\", la \"í\" y la \"s\" están en sílabas diferentes: \"pa-ís\".  (Diptongo): Ahora, imagina que dos amigas vocales son muy cercanas y les gusta estar juntas. En un diptongo, una vocal fuerte (a, e, o) se une a una vocal débil (i, u) en la misma sílaba. Por ejemplo, en la palabra \"cielo\", la \"ie\" forma un diptongo: \"cie-lo\". (Triptongo) Ahora, imagina que tres amigas vocales son inseparables y siempre están juntas. En un triptongo, una vocal débil (i, u) está entre dos vocales fuertes (a, e, o) en la misma sílaba. Un ejemplo es la palabra \"tierra\", donde la combinación \"tie\" forma un triptongo: \"tie-rra\".",
        "titulocomu": "Lección 9 - ¿Hiato, Diptongo y Triptongo?"
      },
      "comuu9": {
        "descripcomu": "Los elementos de la comunicación son los componentes básicos que intervienen en cualquier acto comunicativo. Aquí te los presento de manera sencilla: (A) Emisor: Es la persona que envía el mensaje. Puede ser alguien que habla, escribe o utiliza otros medios para comunicarse. (B) Receptor: Es la persona que recibe el mensaje. Puede ser alguien que escucha, lee o interpreta la comunicación de alguna manera. (C) Mensaje: Es la información o idea que el emisor desea transmitir. Puede ser verbal (hablado o escrito) o no verbal (como gestos y expresiones faciales). (D) Canal: Es el medio a través del cual se transmite el mensaje. Puede ser oral, escrito, visual, electrónico, entre otros. (E) Código: Son las reglas y símbolos compartidos que el emisor y el receptor entienden para darle significado al mensaje. Por ejemplo, el idioma es un código compartido en la comunicación verbal. (F) Contexto: Es el entorno o situación en el cual se produce la comunicación. El contexto influye en cómo se interpreta el mensaje. (G) Retroalimentación: Es la respuesta o reacción del receptor al mensaje. Es importante para confirmar que el mensaje fue comprendido y para ajustar la comunicación si es necesario.",
        "titulocomu": "Lección 10 - Los elementos de la comunicación"
      }
    },
    "InglesCourse": {
      "ing0": {
        "descripingles": "La familia es un grupo especial de personas unidas por el amor y las relaciones. En una familia, tienes un padre (father) y una madre (mother) que te cuidan y te guían a lo largo de la vida. Puedes tener hermanos y hermanas (brothers and sisters) que son como amigos integrados, compartiendo risas y aventuras. Los abuelos (grandfather and grandmother) aportan su sabiduría e historias, añadiendo un toque de historia a la familia. Los tíos, tías, primos, sobrinos y sobrinas crean una red de familia extendida, haciendo que las reuniones sean animadas y llenas de conexiones. Juntos, estos miembros de la familia forman una unidad única y solidaria donde te sientes amado, comprendido y con un sentido de pertenencia.",
        "tituloingles": "Lesson 01 - Family Members (Miembros de la familia)"
      },
      "ing1": {
        "descripingles": "La forma de preguntar \"¿Cuál es tu nombre?\" en inglés es \"What is your name?\" o de manera más informal, \"What's your name?\" \"What\": significa \"qué\". \"is\": es la forma del verbo \"to be\" (ser/estar) en tercera persona del singular. \"your\": significa \"tu\" o \"su\", dependiendo del contexto. \"name\": significa \"nombre\". // Así que, literalmente, la pregunta se traduce como \"¿Qué es tu nombre?\" o \"¿Cuál es tu nombre?",
        "tituloingles": "Lesson 02 - What is your name? (¿Cúal es tu nombre?)"
      },
      "ing2": {
        "descripingles": "Los verbos de acción son aquellos que describen una acción física o mental que alguien realiza. Estos verbos son dinámicos y expresan una actividad. Aquí tienes algunos ejemplos de verbos de acción en inglés:  Run (correr) -- Jump (saltar) -- Read (leer) -- Write (escribir) -- Speak (hablar) -- Eat (comer) -- Dance (bailar) -- Think (pensar) -- Play (jugar) -- Sing (cantar) -- entre una gran variedad de verbos. ",
        "tituloingles": "Lesson 03 - The Verbs (Los Verbos)"
      },
      "ing3": {
        "descripingles": "Las frutas son órganos de plantas que contienen las semillas y se desarrollan a partir del ovario de una flor. Son consumidas como alimentos por humanos y otros animales debido a su sabor agradable y a sus beneficios nutricionales. Aquí tienes algunos ejemplos de frutas en inglés: Apple (manzana)  — Banana (plátano)  — Orange (naranja)  — Strawberry (fresa) — Grapes (uvas)  — Watermelon (sandía)  — Mango (mango)  — Pineapple (piña)  — Cherry (cereza)  —  Kiwi (kiwi)",
        "tituloingles": "Lesson 04 - The Fruits (Las Frutas)"
      },
      "ing4": {
        "descripingles": "Las preposiciones en inglés son como pequeñas palabras mágicas que nos ayudan a entender dónde está algo o cuándo sucede algo. Imagina que estás jugando con juguetes: tu juguete puede estar en la mesa, debajo de la cama o entre otros juguetes. Las proposiciones más comunes en inglés son \"in (en) \", \"on (en/sobre)\", \"at (en/a)\", \"under (debajo)\", \"over (encima)\", \"between (entre)\", \"behind (detrás de)\", \"through (a través de/por)\", \"beside (al lado de/junto a)\", \"before (antes de) \", \"after (después de)\", entre otras. Estas palabras se utilizan para indicar lugar, tiempo, dirección, relación y otras relaciones espaciales o temporales.",
        "tituloingles": "Lesson 05 - The  Prepositions (Las preposiciones)"
      },
      "ing5": {
        "descripingles": "\"I like to play\" se traduce al español como \"Me gusta jugar.\" Esta frase se utiliza para expresar tu gusto o preferencia por realizar actividades recreativas o deportivas. Aquí hay algunos ejemplos de cómo usar esta expresión: I like to play soccer. (Me gusta jugar al fútbol.) — She likes to play the piano. (A ella le gusta tocar el piano.) — We like to play board games. (Nos gusta jugar a juegos de mesa.)",
        "tituloingles": "Lesson 06 - I Like to Play (Me gusta jugar)"
      },
      "ing6": {
        "descripingles": "Los adjetivos opuestos, también conocidos como antónimos, son palabras que tienen significados opuestos. Aquí tienes algunos ejemplos de adjetivos opuestos en inglés: Big - Small (Grande - Pequeño) — Hot - Cold (Caliente - Frío) — Fast - Slow (Rápido - Lento) — Happy - Sad (Feliz - Triste) — Tall - Short (Alto - Bajo) — Young - Old (Joven - Viejo)",
        "tituloingles": "Lesson 07 - Opposites Adjectives (Adjetivos Opuestos)"
      },
      "ing7": {
        "descripingles": "Aquí tienes algunos ejemplos de colores en inglés: Red - Rojo — Blue - Azul — Green - Verde — Yellow - Amarillo — Orange - Naranja — Purple - Morado — Pink - Rosa — Brown - Marrón — Black - Negro — White - Blanco — Gray - Gris",
        "tituloingles": "Lesson 08 - The Colors (Los Colores)"
      }
    },
    "MateCourse": {
      "mateee0": {
        "descripmate": "La cantidad de horas en una semana y en un año es de 168 horas y 8760 horas respectivamente. Hay que tener en cuenta que la cantidad de horas aumenta según la cantidad de días. Por ejemplo: 1 día tiene 24 horas, 2 días tienen 48 horas, 3 días tienen 72 horas, así sucesivamente. También podemos hacer una multiplicación simple (Numero de días x 24h).",
        "titulomate": "Lección 01 - Horas un semana"
      },
      "mateee1": {
        "descripmate": "Básicamente, la numeración romana está formada por letras que, a su vez, tienen un valor numérico. Los números “primarios” son muy sencillos de memorizar ya que son solo siete letras básicas: ( I: 1 ) / ( V: 5 ) / ( X: 10 ) / ( L: 50 ) / ( C: 100 ) / ( D: 500 ) / ( M: 1000 )",
        "titulomate": "Lección 2 - Números romanos"
      },
      "mateee2": {
        "descripmate": "El padre de la matemática es Pitágoras, el cual vivió desde el año 582 a.C. hasta el año 500 a.C. Fué el fundador de la escuela pitagórica ubicada al Sur de Italia, la cual constituyó una organización que se orientaba en el amor a la sabiduría, la música y especialmente las matemáticas. Pitágoras es considerado el primer matemático Puro, contribuyendo a un gran avance de la matemática helénica, la geometría, la aritmética y las relaciones numéricas estándares como pesos y medidas.",
        "titulomate": "Lección 3 - ¿Quién es el padre de las matemáticas?"
      },
      "mateee3": {
        "descripmate": "La hora se lee en horas y minutos. Por ejemplo, si son las 9:39, la hora es 9 y los minutos son 39. Otra manera de pensar acerca de esto es \"son 39 minutos después de las 9\". Hay dos manecillas en un relog analógico. La manecilla corta es la manecilla de la hora. La manecilla larga es la mancilla de los minutos.",
        "titulomate": "Lección 4 - Relojes analógicos"
      },
      "mateee4": {
        "descripmate": "La multiplicación es una de las cuatro operaciones matemáticas (sumar, restar, y dividir) y consiste en sumar un número por sí mismo tantas veces como lo indica otro número. Es una forma rápida de realizar una suma y, así, obtener el resultado mucho más rápido.  Dicho de otro modo, la multiplicación es la forma abreviada de expresar una suma con números iguales. Ejemplo: 7+7+7+7+7+7+7+7+7 = 7 x 9. El resultado de esta operación es 63.",
        "titulomate": "Lección 5 - Tablas de multiplicar"
      },
      "mateee5": {
        "descripmate": "Una figura geométrica es un conjunto no vacío y cerrado de puntos, delimitados por un conjunto de líneas (lados) que unen dichos puntos de una manera específica. Las primeras figuras geométricas que conocemos son las figuras en dos dimensiones. Entre ellas, encontramos los polígonos y la circunferencia (cuyo interior es lo que denominamos círculo). Un polígono es una figura geométrica plana delimitada por líneas rectas que encierran una región en el plano. Existen poligonos como: Triángulo, Cuadrilátero, Pentágono, Hexágono, Círculo, Estrella, entre otros. El triángulo, en geometría plana, al polígono de tres lados. Es la figura geométrica más sencilla que podemos encontrar en el plano. Los puntos comunes a cada par de lados se denominan vértices.",
        "titulomate": "Lección 6 - Figuras geométricas"
      },
      "mateee6": {
        "descripmate": "El número anterior es aquel que tiene una unidad menos. El número posterior es aquel que tiene una unidad más. Por lo tanto, todos los números tienen un anterior y un posterior. Por ejemplo: Si tengo el número 1345, el número anterior es 1344 , mientras que, el posterior es 1346.",
        "titulomate": "Lección 7 - Anterioir y posterior"
      },
      "mateee7": {
        "descripmate": "Hay varias maneras de calcular N, ya sea que trabajes con exponentes y radicales o que tengas que dividir o multiplicar. Sin importar el proceso que uses, siempre deberás encontrar una manera de aislar N a un lado de la ecuación para encontrar su valor.  Por ejemplo: Se presenta el siguiente ejercicio [ X+4 = 6 ], primero se debe pasar +4 al otro lado de la ecucacion, pero cambiando su signo, es decir la ecuación sería asi [ x=6-4 ], paso se siguiente se restan los números y se obtiene el resultado [ x = 2 ]",
        "titulomate": "Lección 8 - Hallar el valor de N"
      },
      "mateee8": {
        "descripmate": "Para comprobar si una división está bien hecha, multiplicamos el divisor por el cociente y le sumamos el resto. El resultado debe ser el dividendo. Por ejemplo:  Imaginemos que tenemos 35 galletas y queremos repartirlas equitativamente entre 7 amigos. Al realizar la división, obtenemos un cociente de 5 y un residuo de 0, ya que 7 multiplicado por 5 es igual a 35. Al verificar la división (\\(7 \\times 5 + 0\\)), observamos que iguala el número inicial de galletas (35). Esto confirma que cada amigo recibiría 5 galletas exactamente, sin dejar ninguna sin repartir.",
        "titulomate": "Lección 9 - ¿División correcta?"
      },
      "mateee9": {
        "descripmate": "Imagina que tienes un chanchito lleno de monedas en soles. Puedes contar cuánto dinero tienes y aprender a sumar y restar con ellas. Por ejemplo, si tienes tres monedas de un sol y dos monedas de cincuenta céntimos, ¿cuánto dinero tienes en total? También, podrías decidir comprar un juguete que cuesta dos soles. ¿Cuánto dinero te quedará después de comprarlo? A través de estos ejemplos, podrás entender cómo utilizar las monedas en soles y resolver pequeños problemas matemáticos relacionados con el dinero de una manera divertida y práctica.",
        "titulomate": "Lección 10 - Problemas de monedas"
      }
    },
    "PersonalCourse": {
      "perso0": {
        "descrippersonal": "El DNI es como una súper tarjeta de identidad que nos da el gobierno. En ella, hay información importante sobre nosotros, como nuestro nombre, foto y fecha de nacimiento. Es como una clave mágica que nos ayuda a demostrar quiénes somos cuando necesitamos hacer cosas importantes, como abrir una cuenta de banco o viajar. Todos los adultos suelen tener un DNI, y es como una herramienta especial que nos acompaña a lo largo de la vida para demostrar nuestra identidad cuando es necesario.",
        "titulopersonal": "Lección 01 - Documento de Identidad"
      },
      "perso1": {
        "descrippersonal": "Imagina que Perú es como un gran rompecabezas, y los \"departamentos\" son las piezas más grandes de ese rompecabezas. Cada departamento es como una región especial dentro del país, con su propia forma, colores y características únicas. Puedes pensar en ellos como pedazos grandes que ayudan a organizar todo el país. Por ejemplo, Lima es un departamento, y también lo son Cusco, Arequipa y muchos más. Cada departamento tiene su propio equipo de personas que cuidan de esa área y toman decisiones importantes para hacer que todo funcione bien. Así que, en resumen, los departamentos son como las grandes piezas que forman el mapa de Perú. Actualmente el Perú cuenta con 24 departamentos.",
        "titulopersonal": "Lección 02 - Departamentos del Perú"
      },
      "perso2": {
        "descrippersonal": " Perú, un país lleno de diversidad, se divide en tres asombrosas regiones naturales. La costa, que se extiende a lo largo del océano Pacífico, presenta un clima árido y playas impresionantes. La sierra, con sus majestuosas montañas de los Andes, es hogar de vibrantes culturas indígenas y paisajes montañosos espectaculares. Finalmente, la selva, también conocida como la región amazónica, ofrece una exuberante selva tropical en la cuenca del río Amazonas, donde la biodiversidad florece en un entorno tropical fascinante. Cada región tiene su propia magia, contribuyendo a la rica variedad geográfica y cultural de este hermoso país sudamericano. Además de las tres regiones naturales mencionadas anteriormente, Perú cuenta con el Mar Peruano, que es una parte importante de su geografía.",
        "titulopersonal": "Lección 03 - Regiones del Perú"
      },
      "perso3": {
        "descrippersonal": "El Día Internacional de la Mujer se celebra el 8 de marzo de cada año. Es un día dedicado a conmemorar los logros y la lucha continua por los derechos de las mujeres en todo el mundo. La fecha tiene sus raíces en los movimientos obreros y feministas del siglo XX, y se ha convertido en un momento para reflexionar sobre la igualdad de género y destacar la importancia de los derechos de las mujeres en diversas esferas de la sociedad.",
        "titulopersonal": "Lección 04 - Día de la Mujer"
      },
      "perso4": {
        "descrippersonal": "Cuidar el medio ambiente es como cuidar nuestra casa, la Tierra. Necesitamos aire limpio para respirar, agua fresca para beber y suelos saludables para cultivar alimentos. Al proteger la naturaleza, aseguramos que los animales tengan hogares seguros y que las plantas crezcan felices. Además, cuidar el medio ambiente nos ayuda a evitar problemas como el cambio climático que pueden afectar a todos. Todos compartimos este hermoso planeta, y cuando cuidamos de él, aseguramos un futuro mejor para nosotros y las generaciones que vendrán después. Es como ser buenos vecinos con la Tierra y todos los seres que viven en ella.",
        "titulopersonal": "Lección 05 - El Medio Ambiente"
      },
      "perso5": {
        "descrippersonal": "Lima, la capital de Perú, es una ciudad fascinante que combina historia, cultura y modernidad. Ubicada en la costa del país, a orillas del océano Pacífico, Lima tiene una rica herencia colonial que se refleja en su arquitectura, especialmente en el centro histórico. Además de ser el centro político y económico del país, Lima es conocida por su deliciosa gastronomía, que combina sabores tradicionales con influencias culinarias modernas. La ciudad alberga museos, parques y una vida nocturna vibrante, lo que la convierte en un lugar dinámico y diverso.",
        "titulopersonal": "Lección 06 - La Capital de Perú"
      },
      "perso6": {
        "descrippersonal": "Organizar un espacio es como armar un rompecabezas donde cada cosa tiene su lugar especial. Piensa en tu habitación: si colocas los juguetes en una caja, la ropa en el armario y los libros en el estante, será más fácil encontrar lo que necesitas y jugar. Es como darle a cada objeto su propio hogar. También significa decidir qué cosas son realmente importantes y cuáles ya no necesitas. Cuando organizas, creas un lugar donde todo tiene sentido, y eso hace que tu habitación sea un lugar más cómodo y agradable para estar. ",
        "titulopersonal": "Lección 07 - Organizar un espacio"
      },
      "perso7": {
        "descrippersonal": "Machu Picchu se encuentra en la región de Cusco, en Perú. Cusco es uno de los departamentos del país y es conocido por ser el corazón del antiguo Imperio Inca. La ciudad de Cusco, que también es la capital del departamento, es a menudo el punto de partida para los viajeros que desean visitar Machu Picchu. Desde Cusco, se puede tomar un tren y luego un autobús o caminar para llegar a esta impresionante ciudadela inca en las alturas de los Andes.",
        "titulopersonal": "Lección 08 - Machu Picchu"
      },
      "perso8": {
        "descrippersonal": "La independencia del Perú fue proclamada el 28 de julio de 1821 por el general José de la Riva-Agüero, marcando el inicio del proceso de emancipación del dominio español en el territorio peruano. Este evento histórico estableció la independencia del Perú y allanó el camino para la creación de la República Peruana. El país celebra su Día de la Independencia el 28 de julio de cada año para conmemorar este importante acontecimiento.",
        "titulopersonal": "Lección 09 - Independencia del Perú"
      },
      "perso9": {
        "descrippersonal": "Imagina el océano Pacífico como el \"océano grande y tranquilo\". Es como la piscina más grande del planeta, que va desde el Polo Norte hasta el Polo Sur. Este océano es tan grande que tiene muchas criaturas interesantes viviendo en él, como ballenas, delfines y peces de colores. Si miras un mapa, verás que el océano Pacífico está al lado de muchos países, como Estados Unidos, Canadá, México, Perú, Japón y Australia. Además, tiene islas hermosas como Hawái, las Filipinas y Nueva Zelanda. ",
        "titulopersonal": "Lección 10 - El Océano Pacífico"
      }
    },
    "ReligionCourse": {
      "relig0": {
        "descripreligion": "Según la narrativa bíblica en el libro del Génesis, en la creación del mundo, se relata que Dios creó diferentes aspectos del universo en cada uno de los seis días: Día 1: En el primer día, Dios encendió una luz en el cielo y llamó al día \"día\" y a la noche \"noche\". Así comenzó todo. Día 2: En el segundo día, Dios hizo un lugar especial en el cielo llamado \"cielo\". Separó el agua en el cielo de la que está en la Tierra. Día 3: En el tercer día, Dios hizo aparecer la tierra y los océanos. Luego, hizo crecer plantas, flores y árboles para que pudieran ser hermosos y coloridos. Día 4: En el cuarto día, Dios hizo el sol para que fuera brillante durante el día, la luna para iluminar la noche y todas las estrellas para que el cielo se viera mágico. Día 5: En el quinto día, Dios creó peces y pájaros. Los peces nadaron en el agua y los pájaros volaron por el cielo. Día 6: En el sexto día, Dios hizo todos los animales terrestres, desde pequeños insectos hasta grandes elefantes. Y al final de este día, hizo algo muy especial: creó a los primeros seres humanos, Adán y Eva. Día 7: En el séptimo día, Dios descansó. Este día se llama Sabbat y es un día especial de descanso.",
        "tituloreligion": "Lección 01 -  La Creación"
      },
      "relig1": {
        "descripreligion": " La palabra \"Biblia\" proviene del griego \"biblion\", que significa \"libro\" o \"rollo\". En un sentido más amplio, \"Biblia\" se refiere a una colección de escrituras sagradas que son consideradas como la base de la fe y la práctica religiosa en el cristianismo. La Biblia está dividida en dos partes principales: el Antiguo Testamento y el Nuevo Testamento. Cada parte contiene una serie de libros que incluyen historias, enseñanzas, profecías y otros géneros literarios.",
        "tituloreligion": "Lección 02 -  La Biblia"
      },
      "relig2": {
        "descripreligion": " Caín y Abel son personajes de una historia emocionante en la Biblia.  Hace mucho, mucho tiempo, Adán y Eva fueron los primeros humanos en la Tierra. Tuvieron dos hijos, Caín y Abel. Caín era agricultor, le gustaba cultivar la tierra y cuidar de las plantas. Abel, por otro lado, cuidaba ovejas. Ambos hermanos querían hacer algo especial para agradar a Dios.  Cuando llegó el momento de ofrecerle regalos a Dios, Abel decidió darle a Dios lo mejor de sus ovejas, y Caín ofreció lo mejor de sus cosechas. Pero Dios miró con más amor la ofrenda de Abel porque lo hizo con un corazón bueno y generoso.  Caín se puso un poquito celoso y triste porque su regalo no fue elegido. En lugar de sentirse contento por su hermano, Caín dejó que esos sentimientos malos crecieran en su corazón. Un día, cuando estaban en el campo, Caín se enojó tanto que hizo algo muy malo: hirió a su hermano Abel.  Dios se dio cuenta de lo que había sucedido y le preguntó a Caín qué había hecho. Caín se sintió muy mal y arrepentido. Aunque Dios lo castigó, también lo protegió para que nadie más le hiciera daño.  La historia de Caín y Abel nos enseña que es importante ser amables, compartir y no dejar que los celos o el enojo nos hagan hacer cosas malas. Es mejor tratar de ser buenos hermanos y amigos, como Dios quiere que seamos.",
        "tituloreligion": "Lección 03 - Caín y Abel"
      },
      "relig3": {
        "descripreligion": "En el Génesis, se cuenta cómo Dios creó todo en el mundo. En seis días mágicos, hizo la luz, los cielos, la tierra, los océanos, las plantas, el sol, la luna, las estrellas, los animales, ¡y finalmente, a los primeros seres humanos llamados Adán y Eva!  Dios estaba muy contento con todo lo que creó y vio que era bueno. Le dio a Adán y Eva un jardín hermoso llamado Edén para que vivieran allí. Pero también les dio una regla importante: no debían comer del árbol que estaba en el centro del jardín.  Desafortunadamente, Adán y Eva no obedecieron la regla y comieron del árbol. Esto hizo que cosas malas entraran al mundo, pero Dios siempre cuidó de ellos y de todos nosotros.  Así que, el Génesis es como el inicio de la Biblia, donde aprendemos sobre cómo comenzó todo y cómo Dios creó el mundo con amor.",
        "tituloreligion": "Lección 04 - El Genesís"
      },
      "relig4": {
        "descripreligion": " La vida de Jesús está relatada en el Nuevo Testamento de la Biblia. El Nuevo Testamento sigue al Antiguo Testamento y se centra en la vida, enseñanzas, milagros, muerte y resurrección de Jesucristo. Los Evangelios, que son los primeros cuatro libros del Nuevo Testamento (Mateo, Marcos, Lucas y Juan), son particularmente importantes para aprender sobre la vida de Jesús.  Estos Evangelios narran la historia del nacimiento de Jesús, su infancia, su ministerio público, sus enseñanzas parabólicas, sus milagros, la última cena con sus discípulos, su arresto, crucifixión, muerte y finalmente, su resurrección.",
        "tituloreligion": "Lección 05 - La Vida de Jesús"
      },
      "relig5": {
        "descripreligion": "Según la tradición cristiana, se cree que Jesús murió en la cruz un viernes, el cual es conocido como Viernes Santo. Este día es parte de la Semana Santa, que conmemora los eventos relacionados con la crucifixión y resurrección de Jesús. El relato de la Última Cena, la traición, el arresto, el juicio y la crucifixión se asocia comúnmente con los eventos ocurridos en los días jueves y viernes de la Semana Santa. La resurrección de Jesús se celebra en el Domingo de Resurrección, que sigue al Viernes Santo. ",
        "tituloreligion": "Lección 05 - La Muerte de Jesús"
      },
      "relig6": {
        "descripreligion": "En resumen, la parábola narra lo siguiente:  Un hombre judío fue asaltado, golpeado y dejado medio muerto al borde del camino. Dos personas religiosas, un sacerdote y un levita, al ver al hombre herido, lo ignoraron y pasaron de largo. Sin embargo, un samaritano, un grupo étnico considerado enemigo por los judíos en ese tiempo, se compadeció del hombre herido. A pesar de las diferencias culturales y religiosas, el samaritano cuidó del herido, lo llevó a una posada, pagó por su atención médica y prometió volver para cubrir cualquier gasto adicional.  La parábola del Buen Samaritano enseña lecciones sobre el amor, la compasión y la importancia de ayudar a los demás, incluso aquellos que podrían ser considerados como enemigos o diferentes. Jesús usa esta historia para ilustrar el mandamiento de amar a tu prójimo como a ti mismo y para desafiar las actitudes de exclusión y prejuicio.",
        "tituloreligion": "Lección 06 - La Parábola del Buen Samaritano"
      },
      "relig7": {
        "descripreligion": "Hace mucho tiempo, en una ciudad llamada Nazaret, vivía una joven llamada María. Un día, mientras María estaba sola, un ángel muy especial llamado Gabriel apareció frente a ella. El ángel le dijo a María que Dios la amaba mucho y tenía un plan especial para ella. Le dijo que iba a tener un bebé muy especial, el Hijo de Dios, y que debía llamarlo Jesús. María, sorprendida pero feliz, aceptó el mensaje del ángel y dijo que haría lo que Dios quisiera. Así comenzó la historia de Jesús, el niño que cambiaría el mundo, y todo empezó con la valiente y amorosa María, quien dijo sí al plan de Dios.",
        "tituloreligion": "Lección 07 -  La Anunciación"
      }
    }
  },
  "GuiaParaPadres": {
    "consj0": {
      "descripcionconsejo": "Al comienzo del año escolar, solicitar la colaboración del centro, es decir, hablar con su tutor o tutora y los servicios de orientación para explicarles cuál es la situación de nuestro hijo o hija y cuáles son sus características y buscar su apoyo con el fin de que puedan adecuar la respuesta educativa a sus necesidades. Tener una actitud positiva de comunicación y colaboración con el centro. Comunicarnos con ellos de forma regular, facilitando información sobre su evolución en casa, y preguntando qué sucede en la escuela, dentro del aula y en el recreo (comportamientos, relaciones con los iguales, relaciones  con el profesorado, rendimiento en las diferentes materias, dificultades, grado de autonomía, estabilidad emocional, autoimagen, etc.).",
      "tituloconsejo": "Apoyo estudiantil: Colaboración con el centro educativo."
    },
    "consj1": {
      "descripcionconsejo": "Aceptar a nuestro hijo o hija como es y ver a la persona, por encima del trastorno, con todos sus aspectos valiosos y con sus dificultades. Él es nuestro hijo y nuestro amor incondicional, sentirse querido y comprendido, le ayudará a superar sus dificultades, sobre todo en los momentos más difíciles. Nuestras demostraciones de cariño, especialmente las que conllevan contacto físico (abrazos, besos, etc.), serán, sin duda, el mejor tratamiento.",
      "tituloconsejo": "Tener una actitud positiva."
    },
    "consj2": {
      "descripcionconsejo": "Este aspecto es necesario en cualquiera de los casos, pero para nuestro hijo o hija con TDAH se convierte en imprescindible. Será más fácil de llevar si existen unos límites educativos claros y consistentes, una rutina y unos hábitos acordados que contengan, dirijan y organicen su conducta y le hagan sentir más tranquilo. Un ambiente sin normas o con unas normas inestables hará que se sienta más ansioso y confuso, porque no sabrá qué se espera de él y qué conductas son adecuadas o inadecuadas.",
      "tituloconsejo": "Proporcionar una dinámica familiar."
    },
    "consj3": {
      "descripcionconsejo": "Promover las actividades deportivas, artísticas y musicales, para potenciar su desarrollo integral y su autoestima, evitando darle estas horas al estudio, y para contribuir a que su experiencia escolar sea más gratificante. Sí es importante tener en cuenta que tampoco es positivo que haga demasiadas actividades, sobrecargándole, y aumentando las posibilidades de frustración si no puede abarcarlas todas con éxito. Si pudiera ser, son recomendables actividades que tampoco sean demasiado largas ni demasiado complejas.",
      "tituloconsejo": "Favorecer su desarrollo individual y equilibrado."
    },
    "consj4": {
      "descripcionconsejo": "Demostrarle nuestra confianza y que sienta que creemos en él, ofreciéndole experiencias adaptadas a sus posibilidades y exigiéndole en función de las mismas. Por ejemplo, podemos ofrecerle oportunidades para realizar tareas y responsabilidades en casa, según sus capacidades, con las que pueda sentirse útil. En un principio, aquellas que sabemos que puede realizar correctamente. Asimismo, cuando nuestro hijo o hija está tratando de solucionar un problema, evitar intervenir y si nos pide ayuda, darle sugerencias, pero no la solución directa, para que pueda encontrarla por sí mismo.",
      "tituloconsejo": "Promover su autoconfianza y autoestima."
    },
    "consj5": {
      "descripcionconsejo": " Favorecer que nuestro hijo o hija tenga un grupo de niños de su edad con los que relacionarse y promover los contactos controlados. Para ello, incorporarle en actividades de grupo (sociales, artísticas, deportivas, etc.). Pertenecer a un grupo adecuado de iguales es uno de los factores que más influyen en una evolución positiva de nuestro hijo. Aún así, si prefiere relacionarse con niños más pequeños porque se siente más aceptado y menos presionado, animarle también a ello.",
      "tituloconsejo": "Ayudarle a mejorar sus relaciones sociales."
    },
    "consj6": {
      "descripcionconsejo": "Para las actividades que requieran un nivel de atención elevado, acompañarles en un inicio, y poco a poco, ir retirando nuestra ayuda y dejándoles solos cada vez más tiempo. Si parece que no nos está oyendo, para captar su atención, utilizar el contacto físico: sujetarle la cabeza con las manos, mantener su mirada y hablarle de forma suave pero firme. Después, pedirle que nos lo repita y si no se acuerda, decírselo de nuevo de la misma forma.",
      "tituloconsejo": "Ayudarle a mejorar su atención."
    },
    "consj7": {
      "descripcionconsejo": "Para regular su conducta, promover el uso de autoinstrucciones, es decir, que sea capaz de hablarse a sí mismo para regular su comportamiento. Asimismo, si en el centro escolar o con algún profesional está trabajando con ellas, hacerlo también en casa, colocando carteles que puedan ayudarle a controlar y dirigir sus conductas.",
      "tituloconsejo": "Favorecer la regulación de su conducta impulsiva."
    },
    "consj8": {
      "descripcionconsejo": "Ofrecerle la oportunidad de realizar alguna tarea doméstica, en función de sus capacidades, pudiendo elegir él la forma de realizarlo y sin que le exijamos su cumplimiento estricto, pero sí le reforcemos que se haga cargo de ella. Cuando le encargamos una tarea, pedirle que repita en voz alta qué tiene que hacer, nosotros también podemos actuar de modelo, reforzándole cuando lo haga por sí mismo.",
      "tituloconsejo": "Potenciar su autonomía y responsabilidad."
    },
    "consj9": {
      "descripcionconsejo": " Simplificar las normas de la casa, explicando el significado de cada una de ellas, que sean simples y claras, con frases sencillas y cortas, definiendo claramente qué ocurrirá cuando se cumplan y cuando no se cumplan y lo que se espera de él. Además, intentar dar las órdenes en positivo, siendo creativos, evitando la palabra “no”.",
      "tituloconsejo": "Conseguir que obedezca a nuestras indicaciones"
    }
  },
  "Inglés": [
    null,
    {
      "answer": "Father",
      "getUserSelectedAnswer": "",
      "option1": "Grandfather",
      "option2": "Mother",
      "option3": "Father",
      "option4": "Fader",
      "question": "¿Cómo se escribe 'Papá' en inglés?"
    },
    {
      "answer": "¿Cuál es tu nombre?",
      "getUserSelectedAnswer": "",
      "option1": "¿Cómo estás?",
      "option2": "¿Cuántos años tienes?",
      "option3": "¿Cuál es tu nombre?",
      "option4": "¿Qué hora es?",
      "question": "¿Cuál es la traducción correcta de la siguiente expresión en inglés “What’s your name?”?"
    },
    {
      "answer": "Dog",
      "getUserSelectedAnswer": "",
      "option1": "Dog",
      "option2": "Write",
      "option3": "Eat",
      "option4": "Sleep",
      "question": "¿Cuál de las siguientes palabras no es un verbo?"
    },
    {
      "answer": "Watermelon",
      "getUserSelectedAnswer": "",
      "option1": "Cherry",
      "option2": "Pear",
      "option3": "Watermelon",
      "option4": "Orange",
      "question": "¿Cómo se escribe 'Sandia' en inglés?"
    },
    {
      "answer": "Behind",
      "getUserSelectedAnswer": "",
      "option1": "On",
      "option2": "Under",
      "option3": "Behind",
      "option4": "In",
      "question": "¿Qué preposición usarías para decir que algo está detrás?"
    },
    {
      "answer": "I like to play soccer",
      "getUserSelectedAnswer": "",
      "option1": "I like to play soccer",
      "option2": "I like to play basketball",
      "option3": "I like to play baseball",
      "option4": "I like to play volleyball",
      "question": "¿Cómo se dice 'Me gusta jugar fútbol' en inglés?"
    },
    {
      "answer": "Banana",
      "getUserSelectedAnswer": "",
      "option1": "Apple",
      "option2": "Orange",
      "option3": "Watermelon",
      "option4": "Banana",
      "question": "¿Cómo se dice 'Plátano' en inglés?"
    },
    {
      "answer": "Sad",
      "getUserSelectedAnswer": "",
      "option1": "Wet",
      "option2": "Sad",
      "option3": "Strong",
      "option4": "Fast",
      "question": "¿Cuál es el opuesto de la palabra 'Happy'?"
    },
    {
      "answer": "Where’s the park?",
      "getUserSelectedAnswer": "",
      "option1": "Where’s the park?",
      "option2": "Why is the park?",
      "option3": "What is the park?",
      "option4": "While is the park?",
      "question": "¿Cómo se pregunta '¿Dónde está el parque?' en inglés?"
    },
    {
      "answer": "I like color blue",
      "getUserSelectedAnswer": "",
      "option1": "I like color red",
      "option2": "I like color blue",
      "option3": "I like color green",
      "option4": "I like color violet",
      "question": "¿Cómo se dice 'Me gusta el color azul' en inglés?"
    }
  ],
  "Matemática": [
    null,
    {
      "answer": "168 horas",
      "getUserSelectedAnswer": "",
      "option1": "60 horas",
      "option2": "3600 horas",
      "option3": "24 horas",
      "option4": "168 horas",
      "question": "¿Número de horas que tiene una semana?"
    },
    {
      "answer": "Cinco",
      "getUserSelectedAnswer": "",
      "option1": "Uno",
      "option2": "Cinco",
      "option3": "Diez",
      "option4": "Cuatro",
      "question": "¿Qué cantidad expresa el número romano V?"
    },
    {
      "answer": "Pitágoras",
      "getUserSelectedAnswer": "",
      "option1": "Aristóteles",
      "option2": "Issac Newton",
      "option3": "Pitágoras",
      "option4": "Euclides",
      "question": "¿Quién es el padre de las matemáticas?"
    },
    {
      "answer": "Las tres y cuarto",
      "getUserSelectedAnswer": "",
      "option1": "Las tres en punto",
      "option2": "Las tres y cuarto",
      "option3": "Las tres  y media",
      "option4": "Las tres y tres",
      "question": "¿Qué hora es si, tanto la manilla pequeña del reloj como la grande están en las 3?"
    },
    {
      "answer": "63",
      "getUserSelectedAnswer": "",
      "option1": "58",
      "option2": "72",
      "option3": "63",
      "option4": "48",
      "question": "¿Cuál es el resultado de multiplicar 7x9?"
    },
    {
      "answer": "Triangulo",
      "getUserSelectedAnswer": "",
      "option1": "Cubo",
      "option2": "Triangulo",
      "option3": "Rectángulo",
      "option4": "Paralelogramo",
      "question": "¿Cómo se llama el polígono de 3 lados?"
    },
    {
      "answer": "999",
      "getUserSelectedAnswer": "",
      "option1": "1001",
      "option2": "990",
      "option3": "999",
      "option4": "9999",
      "question": "¿Cuál es el número anterior a 1000?"
    },
    {
      "answer": "Multiplicando el cociente por el divisor y sumando el resto si lo hay",
      "getUserSelectedAnswer": "",
      "option1": "Volviéndola a hacer",
      "option2": "Multiplicando el cociente por el divisor y sumando el resto si lo hay",
      "option3": "Sumando el cociente por el divisor y el resto",
      "option4": "Dividiendo entre 0 el resultado",
      "question": "¿Cómo puedes comprobar si has hecho bien una división?"
    },
    {
      "answer": "144 euros",
      "getUserSelectedAnswer": "",
      "option1": "140 euros",
      "option2": "144 euros",
      "option3": "154 euros",
      "option4": "139 euros",
      "question": "Si tienes un billete de 100€, dos billetes de 20€ y cuatro monedas de 1 €, ¿cuánto dinero tienes en total?"
    },
    {
      "answer": "N = 12",
      "getUserSelectedAnswer": "",
      "option1": "N = 10",
      "option2": "N = 14",
      "option3": "N = 13",
      "option4": "N = 12",
      "question": "Si 9 x N es igual a 108 ¿Cuánto es el valor de N?"
    }
  ],
  "Personal": [
    null,
    {
      "answer": "Documento Nacional de Identidad",
      "getUserSelectedAnswer": "",
      "option1": "Certificado de Nacimiento",
      "option2": "Documento Nacional de Identidad",
      "option3": "Partida de nacimiento",
      "option4": "Certificado de Solteria",
      "question": "El primer documento de identidad que reciben las personas se llama:"
    },
    {
      "answer": "24 departamentos",
      "getUserSelectedAnswer": "",
      "option1": "24 departamentos",
      "option2": "22 departamentos",
      "option3": "23 departamentos",
      "option4": "21 departamentos",
      "question": "¿Cuántos departamentos tiene el Perú?"
    },
    {
      "answer": "Costa, Sierra, Selva y Mar peruano",
      "getUserSelectedAnswer": "",
      "option1": "Costa",
      "option2": "Costa y Sierra",
      "option3": "Costa, Sierra, Selva y Mar peruano",
      "option4": "Costa, Sierra, Selva",
      "question": "¿Cuáles son las 4 regiones narutales del Perú?"
    },
    {
      "answer": "8 de marzo",
      "getUserSelectedAnswer": "",
      "option1": "18 de marzo",
      "option2": "28 de marzo",
      "option3": "14 de mayo",
      "option4": "8 de marzo",
      "question": "¿Qué día se celebra el Día de la Mujer?"
    },
    {
      "answer": "Para garantizar su cuidado y aprovechamiento responsable",
      "getUserSelectedAnswer": "",
      "option1": "Para garantizar su cuidado y aprovechamiento responsable",
      "option2": "Porque no hay otra cosa que hacer",
      "option3": "Porque es nuestro y no de las demás personas",
      "option4": "Para que sea mejor que el de nuestros vecinos",
      "question": "¿Para que cuidar el medio ambiente?"
    },
    {
      "answer": "Lima",
      "getUserSelectedAnswer": "",
      "option1": "Bogotá",
      "option2": "Madrid",
      "option3": "Lima",
      "option4": "Paracas",
      "question": "¿Cómo se llama la capital de Perú?"
    },
    {
      "answer": "Colocar cada cosa en su lugar",
      "getUserSelectedAnswer": "",
      "option1": "Colocar cada cosa en su lugar",
      "option2": "Estar jugando todo el día",
      "option3": "Ubicar las zonas del desorden",
      "option4": "Entretenerse en la televisión",
      "question": "Organizar un espacio significa:"
    },
    {
      "answer": "Cuzco",
      "getUserSelectedAnswer": "",
      "option1": "Lima",
      "option2": "Ayacucho",
      "option3": "Cuzco",
      "option4": "La Libertad",
      "question": "Machu Picchu se encuentra en el departamento de:"
    },
    {
      "answer": "28 de Julio de 1821",
      "getUserSelectedAnswer": "",
      "option1": "28 de Julio de 1824",
      "option2": "28 de Julio de 1821",
      "option3": "29 de Julio de 1823",
      "option4": "28 de Julo de 1929",
      "question": "¿En qué día y que año se proclamó la independencia del Perú?"
    },
    {
      "answer": "Pacífico",
      "getUserSelectedAnswer": "",
      "option1": "Ártico",
      "option2": "Índico",
      "option3": "Pacífico",
      "option4": "Antártico",
      "question": "¿Cuál es el océano que se encuentra junto a la costa peruana?"
    }
  ],
  "ProfesionalesTDAH": {
    "elgon": {
      "Consulta": "Desde S/210 soles",
      "Dirección": "Av. César Canevaro 388, Oficina 500, Lince",
      "Especialidad": "Psiquiatra",
      "Nombre": "Dr. Elmer Gonzalo Velásquez Molina",
      "Teléfono": "985-178-548"
    },
    "inescaro": {
      "Consulta": "Desde S/1500 soles",
      "Dirección": "Av. Gral. Eugenio Garzón 1553, Jesús María",
      "Especialidad": "Pediatra",
      "Nombre": "Dra. Ines Caro Kahn",
      "Teléfono": "997-921-029"
    },
    "magnamattu": {
      "Consulta": "Desde S/200 soles",
      "Dirección": "Av. Cesar Canevaro 388, Of. 500, Lince",
      "Especialidad": "Psiquiatra",
      "Nombre": "Dra. Magnolia Matutti Rosas",
      "Teléfono": "938-514-304"
    },
    "raulguti": {
      "Consulta": "Desde S/130 soles",
      "Dirección": "Jr Los Chimus 166 San Miguel, Urb Maranga Etapa 2, San Martín de Porres",
      "Especialidad": "Psiquiatra",
      "Nombre": "Dr. Raul Francisco Gutierrez Abregu ",
      "Teléfono": "907-703-760"
    },
    "rubencaparo": {
      "Consulta": "Desde S/300 soles",
      "Dirección": "Jirón Batallón Callao Sur, Santiago de Surco 15039",
      "Especialidad": "Neurólogo",
      "Nombre": "Dr. Rubén Leonidas Caparó Oblitas",
      "Teléfono": "991-700-424"
    }
  },
  "Prueba": [
    null,
    {
      "answer": "N = 12",
      "getUserSelectedAnswer": "",
      "option1": "N = 14",
      "option2": "N = 10",
      "option3": "N = 13",
      "option4": "N = 12",
      "question": "Si 9 x N es igual a 108 ¿Cuánto es el valor de N?"
    },
    {
      "answer": "Triangulo",
      "getUserSelectedAnswer": "",
      "option1": "Cubo",
      "option2": "Triangulo",
      "option3": "Rectángulo",
      "option4": "Paralelogramo",
      "question": "¿Cómo se llama el polígono de 3 lados?"
    },
    {
      "answer": "Pitágoras",
      "getUserSelectedAnswer": "",
      "option1": "Aristóteles",
      "option2": "Issac Newton",
      "option3": "Pitágoras",
      "option4": "Euclides",
      "question": "¿Quién es el padre de las matemáticas?"
    },
    {
      "answer": "168 horas",
      "getUserSelectedAnswer": "",
      "option1": "60 horas",
      "option2": "3600 horas",
      "option3": "24 horas",
      "option4": "168 horas",
      "question": "¿Número de horas que tiene una semana?"
    },
    {
      "answer": "Documento Nacional de Identidad",
      "getUserSelectedAnswer": "",
      "option1": "Certificado de nacimiento",
      "option2": "Partida de nacimiento",
      "option3": "Documento de Solteria",
      "option4": "Documento Nacional de Identidad",
      "question": "El primer documento de identidad que reciben las personas se llama:"
    },
    {
      "answer": "8 de marzo",
      "getUserSelectedAnswer": "",
      "option1": "18 de marzo",
      "option2": "28 de marzo",
      "option3": "14 de mayo",
      "option4": "8 de marzo",
      "question": "¿Qué día se celebra el Día de la Mujer?"
    },
    {
      "answer": "Colocar cada cosa en su lugar",
      "getUserSelectedAnswer": "",
      "option1": "Colocar cada cosa en su lugar",
      "option2": "Estar jugando todo el día",
      "option3": "Ubicar las zonas del desorden",
      "option4": "Entretenerse en la televisión",
      "question": "Organizar un espacio significa:"
    },
    {
      "answer": "28 de Julio de 1821",
      "getUserSelectedAnswer": "",
      "option1": "28 de Julio de 1824",
      "option2": "28 de Julio de 1821",
      "option3": "29 de Julio de 1823",
      "option4": "28 de Julo de 1929",
      "question": "¿En qué día y que año se proclamó la independencia del Perú?"
    },
    {
      "answer": "Cabeza, tronco y extremidades",
      "getUserSelectedAnswer": "",
      "option1": "Cabeza, piernas y brazos",
      "option2": "Cuerpo, piernas y brazos",
      "option3": "Cabeza, tronco y extremidades",
      "option4": "Ninguno",
      "question": "¿Qué tres partes se distinguen en el cuerpo humano?"
    },
    {
      "answer": "Para relacionarnos con el mundo que nos rodea",
      "getUserSelectedAnswer": "",
      "option1": "Para sobrevivir",
      "option2": "Para relacionarnos con el mundo que nos rodea",
      "option3": "Para mejorar el rendimiento del cuerpo humano",
      "option4": "Para comer correctamente",
      "question": "¿Para qué sirven los sentidos?"
    },
    {
      "answer": "Las branquias",
      "getUserSelectedAnswer": "",
      "option1": "Los pulmones",
      "option2": "La cabeza",
      "option3": "La boca",
      "option4": "Las branquias",
      "question": "¿Qué utilizan los peces para respirar?"
    },
    {
      "answer": "Para absorber agua de la tierra",
      "getUserSelectedAnswer": "",
      "option1": "Para absorber agua de la tierra",
      "option2": "Para poder reproducirse",
      "option3": "Para hacer la fotosíntesis",
      "option4": "Para limpiar las hojas",
      "question": "¿Para qué sirve la raíz de las plantas?"
    },
    {
      "answer": "Él",
      "getUserSelectedAnswer": "",
      "option1": "Ella",
      "option2": "Ellos",
      "option3": "Él",
      "option4": "Eso",
      "question": "¿Qué pronombre reemplaza a los nombres: Juan, Pedro, Carlos?"
    },
    {
      "answer": "Diminutivos",
      "getUserSelectedAnswer": "",
      "option1": "Aumentativos",
      "option2": "Diminutivos",
      "option3": "Ambos",
      "option4": "Ninguna",
      "question": "Las palabras que expresan el nombre de las cosas en tamaño pequeño se llaman:"
    },
    {
      "answer": "Feliz",
      "getUserSelectedAnswer": "",
      "option1": "Inteligente",
      "option2": "Triste",
      "option3": "Feliz",
      "option4": "Responsable",
      "question": "¿Cuál es el sinónimo de la palabra “Alegre”?"
    },
    {
      "answer": "Triptongo",
      "getUserSelectedAnswer": "",
      "option1": "Diptongo",
      "option2": "Triptongo",
      "option3": "Hiato",
      "option4": "Ninguna",
      "question": "Es la unión de tres vocales en una misma silaba:"
    },
    {
      "answer": "Los libros",
      "getUserSelectedAnswer": "",
      "option1": "Alianza",
      "option2": "Los libros",
      "option3": "La ley",
      "option4": "Libro sagrado",
      "question": "¿Qué significa la palabra Biblia?"
    },
    {
      "answer": "Los libros de la biblia que se escribieron antes del nacimiento de Jesucristo",
      "getUserSelectedAnswer": "",
      "option1": "Los libros de la biblia que se escribieron antes del nacimiento de Jesucristo",
      "option2": "Los libros de la biblia que se escribieron después de la resurrección de Jesucristo",
      "option3": "Los libros escritos por sus dicipulos",
      "option4": "Ninguno",
      "question": "¿Qué es al antiguo testamento?"
    },
    {
      "answer": "Viernes",
      "getUserSelectedAnswer": "",
      "option1": "Lunes",
      "option2": "Viernes",
      "option3": "Sábado",
      "option4": "Jueves",
      "question": "¿Qué día se la semana murió Jesús?"
    },
    {
      "answer": "Gabriel",
      "getUserSelectedAnswer": "",
      "option1": "Rafael",
      "option2": "Miguel",
      "option3": "Juan",
      "option4": "Gabriel",
      "question": "¿Cómo se llama el ángel que se aparece a María y le anuncia la encarnación?"
    },
    {
      "answer": "¿Cuál es tu nombre?",
      "getUserSelectedAnswer": "",
      "option1": "¿Cómo estás?",
      "option2": "¿Cuántos años tienes?",
      "option3": "¿Cuál es tu nombre?",
      "option4": "¿Qué hora es?",
      "question": "¿Cuál es la traducción correcta de la siguiente expresión en inglés “What’s your name?”?"
    },
    {
      "answer": "Banana",
      "getUserSelectedAnswer": "",
      "option1": "Apple",
      "option2": "Orange",
      "option3": "Watermelon",
      "option4": "Banana",
      "question": "¿Cómo se escribe plátano en inglés?"
    },
    {
      "answer": "Where’s the park?",
      "getUserSelectedAnswer": "",
      "option1": "Where’s the park?",
      "option2": "Why is the park?",
      "option3": "What is the park?",
      "option4": "While is the park?",
      "question": "¿Cómo se pregunta ¿Donde está el parque? en inglés?"
    },
    {
      "answer": "Behind",
      "getUserSelectedAnswer": "",
      "option1": "On",
      "option2": "Under",
      "option3": "Behind",
      "option4": "In",
      "question": "¿Qué preposición usarías para decir que algo está detrás?"
    },
    {
      "answer": "Cortar",
      "getUserSelectedAnswer": "",
      "option1": "Pegar",
      "option2": "Editar",
      "option3": "Pegar texto",
      "option4": "Cortar",
      "question": "La herramienta que te permite eliminar un texto:"
    },
    {
      "answer": "Word",
      "getUserSelectedAnswer": "",
      "option1": "Word",
      "option2": "Excel",
      "option3": "PowerPoint",
      "option4": "Publisher",
      "question": "¿Qué programa de ofimática utilizamos para escribir textos extensos?"
    },
    {
      "answer": "Verdadero",
      "getUserSelectedAnswer": "",
      "option1": "Verdadero",
      "option2": "Falso",
      "option3": "Permite la salida de datos",
      "option4": "Ninguna",
      "question": "El teclado permite la entrada de datos al computador."
    },
    {
      "answer": "Windows, Mac OS, Linux",
      "getUserSelectedAnswer": "",
      "option1": "Word, Excel, Paint",
      "option2": "Windows, Mac OS, Linux",
      "option3": "Internet, Servidor, Conexión",
      "option4": "Entel, Claro, Movistar",
      "question": "¿Cuál de las siguientes opciones corresponden a sistemas operativos?"
    }
  ],
  "Religión": [
    null,
    {
      "answer": "El sexto día",
      "getUserSelectedAnswer": "",
      "option1": "El primer día",
      "option2": "El cuarto día",
      "option3": "El sexto día",
      "option4": "El séptimo día",
      "question": "¿Qué día creó Dios al hombre y a la mujer?"
    },
    {
      "answer": "Los libros",
      "getUserSelectedAnswer": "",
      "option1": "Alianza",
      "option2": "Los libros",
      "option3": "La ley",
      "option4": "Libro sagrado",
      "question": "¿Qué significa la palabra Biblia?"
    },
    {
      "answer": "Hijos de Adán y Eva",
      "getUserSelectedAnswer": "",
      "option1": "Primos",
      "option2": "Amigos de Jesús",
      "option3": "Sacerdotes",
      "option4": "Hijos de Adán y Eva",
      "question": "¿Quiénes eran Caín y Abel?"
    },
    {
      "answer": "Génesis",
      "getUserSelectedAnswer": "",
      "option1": "Éxodo",
      "option2": "Marcos",
      "option3": "Génesis",
      "option4": "Deutoronomio",
      "question": "El libro que narra la creación es:"
    },
    {
      "answer": "Nuevo testamento y antiguo testamento",
      "getUserSelectedAnswer": "",
      "option1": "Nuevo testamento",
      "option2": "Nuevo testamento y antiguo testamento",
      "option3": "Antiguo testamento",
      "option4": "300 libros",
      "question": "El libro de la biblia se divide en:"
    },
    {
      "answer": "Los libros de la biblia que se escribieron antes del nacimiento de Jesucristo",
      "getUserSelectedAnswer": "",
      "option1": "Los libros de la biblia que se escribieron antes del nacimiento de Jesucristo",
      "option2": "Los libros de la biblia que se escribieron después de la resurrección de Jesucristo",
      "option3": "Un libro de canciones bíblicas",
      "option4": "Ninguna de las anteriores",
      "question": "¿Qué es al antiguo testamento?"
    },
    {
      "answer": "Viernes",
      "getUserSelectedAnswer": "",
      "option1": "Lunes",
      "option2": "Viernes",
      "option3": "Sábado",
      "option4": "Jueves",
      "question": "¿Qué día se la semana murió Jesús?"
    },
    {
      "answer": "De un hombre que fue asaltado por dos ladrones",
      "getUserSelectedAnswer": "",
      "option1": "De un ladrón que le salvaron la vida",
      "option2": "De un sacerdote que fue asaltado",
      "option3": "De un levita que fue asaltado",
      "option4": "De un hombre que fue asaltado por dos ladrones",
      "question": "¿De qué trata la parábola del Buen Samaritano?"
    },
    {
      "answer": "Gabriel",
      "getUserSelectedAnswer": "",
      "option1": "Rafael",
      "option2": "Miguel",
      "option3": "Gabriel",
      "option4": "Juan",
      "question": "¿Cómo se llama el ángel que se aparece a María y le anuncia la encarnación?"
    },
    {
      "answer": "Santa Rosa",
      "getUserSelectedAnswer": "",
      "option1": "San Lorenzo",
      "option2": "Santa Rosa",
      "option3": "Señor de los Milagros",
      "option4": "Santa Catalina",
      "question": "¿Qué fiesta religiosa se celebra el 30 de agosto?"
    }
  ],
  "Tiempo": "150000",
  "Usuarios": {
    "CvkN54w5UBXMV1ZHJKxFX4FRVnR2": {
      "apellido": "Luana ",
      "conpassword": "yakeisy777",
      "email": "yakeisyluana@gmail.com",
      "name": "Yakeisy",
      "password": "yakeisy777"
    },
    "DK3yJh9Q9fdirTz7FYW46kh7ppu2": {
      "apellido": "Loayza",
      "conpassword": "12345678",
      "email": "cristophermlp@gmail.com",
      "name": "Cristopher",
      "password": "12345678"
    },
    "LEXdllS1tJOYKifARAfWtvubVHi2": {
      "apellido": "Carrero",
      "conpassword": "teamomami",
      "email": "alexandracarrero@gmail.com",
      "name": "Alexandra",
      "password": "teamomami"
    },
    "ODXSDbp9KbMjs0wDhXbX96PEQIz2": {
      "apellido": "Bendezu",
      "conpassword": "123456",
      "email": "fabian200@gmail.com",
      "name": "Fabian",
      "password": "123456"
    },
    "OQ3K7O1KkDRxBdC8W6lSNpcQ7I93": {
      "apellido": "Lopez",
      "conpassword": "1234567",
      "email": "juanca@gmail.com",
      "name": "Juancarlos",
      "password": "1234567"
    },
    "UJmSgtEeSSbajKapaZiSv3bXomf2": {
      "apellido": "Tdah",
      "conpassword": "123456",
      "email": "apptdah@gmail.com",
      "name": "App",
      "password": "123456"
    },
    "fr2BMGU1MRTNsdDU1EiC4xCuERR2": {
      "apellido": "Loayza",
      "conpassword": "123456",
      "email": "cataloayza@gmail.com",
      "name": "Cata",
      "password": "123456"
    },
    "jcTAExcEyrYWAI3rExW1x7glfZx1": {
      "apellido": "Gonzales",
      "conpassword": "159159",
      "email": "abrilgonzales@gmail.com",
      "name": "Abryl",
      "password": "159159"
    },
    "pwtOFaY5Weg2ffVegB5GT41XTOg2": {
      "apellido": "Vidaurre",
      "conpassword": "jazirelcrack",
      "email": "Jazir999@gmail.com",
      "name": "Jazir",
      "password": "jazirelcrack"
    },
    "wnfBih2X9DQpE3AnqxHQylG4HjY2": {
      "apellido": "Peres",
      "conpassword": "1234567",
      "email": "carlos@gmail.com",
      "name": "Carlos",
      "password": "1234567"
    }
  }
}